"Tempo (s)","V1 (V)","V2 (V)"
"-0,0125","0,64","1,52"
"-0,01249","0,68","1,12"
"-0,01248","0,64","0,48"
"-0,01247","0,52","0,08"
"-0,01246","0,48",0
"-0,01245","0,48","0,28"
"-0,01244","0,48","0,56"
"-0,01243","0,56","0,76"
"-0,01242","0,6","0,76"
"-0,01241","0,56","0,6"
"-0,0124","0,56","0,48"
"-0,01239","0,56","0,4"
"-0,01238","0,52","0,4"
"-0,01237","0,52","0,48"
"-0,01236","0,56","0,56"
"-0,01235","0,56","0,56"
"-0,01234","0,56","0,56"
"-0,01233","0,56","0,52"
"-0,01232","0,56","0,48"
"-0,01231","0,56","0,48"
"-0,0123","0,56","0,48"
"-0,01229","0,56","0,48"
"-0,01228","0,56","0,52"
"-0,01227","0,56","0,52"
"-0,01226","0,56","0,52"
"-0,01225","0,56","0,52"
"-0,01224","0,56","0,48"
"-0,01223","0,56","0,52"
"-0,01222","0,56","0,52"
"-0,01221","0,56","0,52"
"-0,0122","0,56","0,52"
"-0,01219","0,56","0,52"
"-0,01218","0,56","0,52"
"-0,01217","0,56","0,52"
"-0,01216","0,56","0,52"
"-0,01215","0,56","0,52"
"-0,01214","0,56","0,52"
"-0,01213","0,56","0,48"
"-0,01212","0,56","0,52"
"-0,01211","0,56","0,48"
"-0,0121","0,56","0,52"
"-0,01209","0,56","0,48"
"-0,01208","0,56","0,48"
"-0,01207","0,56","0,48"
"-0,01206","0,56","0,48"
"-0,01205","0,56","0,48"
"-0,01204","0,56","0,52"
"-0,01203","0,56","0,52"
"-0,01202","0,56","0,52"
"-0,01201","0,56","0,52"
"-0,012","0,56","0,52"
"-0,01199","0,56","0,52"
"-0,01198","0,56","0,52"
"-0,01197","0,56","0,52"
"-0,01196","0,56","0,52"
"-0,01195","0,52","0,52"
"-0,01194","0,52","0,48"
"-0,01193","0,52","0,52"
"-0,01192","0,52","0,52"
"-0,01191","0,56","0,48"
"-0,0119","0,56","0,52"
"-0,01189","0,56","0,52"
"-0,01188","0,56","0,52"
"-0,01187","0,52","0,52"
"-0,01186","0,56","0,52"
"-0,01185","0,56","0,48"
"-0,01184","0,52","0,48"
"-0,01183","0,56","0,52"
"-0,01182","0,56","0,48"
"-0,01181","0,56","0,52"
"-0,0118","0,56","0,52"
"-0,01179","0,56","0,52"
"-0,01178","0,56","0,52"
"-0,01177","0,56","0,52"
"-0,01176","0,52","0,52"
"-0,01175","0,56","0,52"
"-0,01174","0,56","0,52"
"-0,01173","0,56","0,52"
"-0,01172","0,56","0,48"
"-0,01171","0,56","0,52"
"-0,0117","0,56","0,52"
"-0,01169","0,56","0,52"
"-0,01168","0,56","0,52"
"-0,01167","0,56","0,52"
"-0,01166","0,52","0,52"
"-0,01165","0,56","0,52"
"-0,01164","0,56","0,52"
"-0,01163","0,56","0,52"
"-0,01162","0,56","0,52"
"-0,01161","0,56","0,52"
"-0,0116","0,52","0,52"
"-0,01159","0,56","0,48"
"-0,01158","0,56","0,48"
"-0,01157","0,56","0,52"
"-0,01156","0,56","0,52"
"-0,01155","0,52","0,52"
"-0,01154","0,56","0,52"
"-0,01153","0,52","0,48"
"-0,01152","0,56","0,48"
"-0,01151","0,56","0,52"
"-0,0115","0,56","0,52"
"-0,01149","0,56","0,48"
"-0,01148","0,56","0,52"
"-0,01147","0,52","0,52"
"-0,01146","0,56","0,52"
"-0,01145","0,56","0,52"
"-0,01144","0,56","0,52"
"-0,01143","0,56","0,52"
"-0,01142","0,52","0,52"
"-0,01141","0,56","0,52"
"-0,0114","0,56","0,48"
"-0,01139","0,56","0,52"
"-0,01138","0,56","0,48"
"-0,01137","0,56","0,52"
"-0,01136","0,56","0,52"
"-0,01135","0,56","0,52"
"-0,01134","0,56","0,52"
"-0,01133","0,56","0,52"
"-0,01132","0,56","0,52"
"-0,01131","0,56","0,52"
"-0,0113","0,52","0,52"
"-0,01129","0,56","0,52"
"-0,01128","0,52","0,52"
"-0,01127","0,56","0,48"
"-0,01126","0,56","0,52"
"-0,01125","0,56","0,52"
"-0,01124","0,56","0,52"
"-0,01123","0,56","0,52"
"-0,01122","0,56","0,52"
"-0,01121","0,56","0,48"
"-0,0112","0,56","0,52"
"-0,01119","0,56","0,52"
"-0,01118","0,56","0,52"
"-0,01117","0,56","0,52"
"-0,01116","0,56","0,48"
"-0,01115","0,56","0,52"
"-0,01114","0,56","0,52"
"-0,01113","0,56","0,52"
"-0,01112","0,56","0,52"
"-0,01111","0,56","0,52"
"-0,0111","0,52","0,52"
"-0,01109","0,52","0,52"
"-0,01108","0,56","0,52"
"-0,01107","0,52","0,52"
"-0,01106","0,56","0,52"
"-0,01105","0,56","0,52"
"-0,01104","0,52","0,52"
"-0,01103","0,52","0,52"
"-0,01102","0,56","0,52"
"-0,01101","0,56","0,52"
"-0,011","0,56","0,52"
"-0,01099","0,56","0,52"
"-0,01098","0,52","0,48"
"-0,01097","0,56","0,52"
"-0,01096","0,56","0,52"
"-0,01095","0,56","0,52"
"-0,01094","0,56","0,52"
"-0,01093","0,56","0,52"
"-0,01092","0,52","0,52"
"-0,01091","0,52","0,52"
"-0,0109","0,56","0,52"
"-0,01089","0,52","0,52"
"-0,01088","0,56","0,52"
"-0,01087","0,56","0,52"
"-0,01086","0,56","0,52"
"-0,01085","0,52","0,52"
"-0,01084","0,52","0,52"
"-0,01083","0,56","0,52"
"-0,01082","0,56","0,48"
"-0,01081","0,56","0,48"
"-0,0108","0,56","0,52"
"-0,01079","0,56","0,52"
"-0,01078","0,56","0,52"
"-0,01077","0,52","0,52"
"-0,01076","0,56","0,48"
"-0,01075","0,56","0,48"
"-0,01074","0,56","0,48"
"-0,01073","0,52","0,52"
"-0,01072","0,56","0,52"
"-0,01071","0,52","0,52"
"-0,0107","0,52","0,48"
"-0,01069","0,56","0,52"
"-0,01068","0,56","0,52"
"-0,01067","0,52","0,52"
"-0,01066","0,56","0,48"
"-0,01065","0,56","0,52"
"-0,01064","0,52","0,52"
"-0,01063","0,56","0,48"
"-0,01062","0,56","0,52"
"-0,01061","0,56","0,52"
"-0,0106","0,56","0,52"
"-0,01059","0,56","0,52"
"-0,01058","0,56","0,52"
"-0,01057","0,52","0,52"
"-0,01056","0,52","0,52"
"-0,01055","0,56","0,52"
"-0,01054","0,56","0,52"
"-0,01053","0,52","0,52"
"-0,01052","0,56","0,52"
"-0,01051","0,56","0,52"
"-0,0105","0,52","0,52"
"-0,01049","0,52","0,52"
"-0,01048","0,56","0,52"
"-0,01047","0,52","0,52"
"-0,01046","0,56","0,52"
"-0,01045","0,56","0,52"
"-0,01044","0,52","0,48"
"-0,01043","0,56","0,48"
"-0,01042","0,56","0,48"
"-0,01041","0,52","0,48"
"-0,0104","0,56","0,52"
"-0,01039","0,56","0,48"
"-0,01038","0,56","0,52"
"-0,01037","0,56","0,52"
"-0,01036","0,56","0,52"
"-0,01035","0,56","0,52"
"-0,01034","0,56","0,52"
"-0,01033","0,52","0,52"
"-0,01032","0,56","0,52"
"-0,01031","0,56","0,52"
"-0,0103","0,56","0,52"
"-0,01029","0,56","0,52"
"-0,01028","0,56","0,52"
"-0,01027","0,56","0,52"
"-0,01026","0,56","0,52"
"-0,01025","0,52","0,52"
"-0,01024","0,52","0,52"
"-0,01023","0,56","0,52"
"-0,01022","0,56","0,52"
"-0,01021","0,56","0,52"
"-0,0102","0,56","0,52"
"-0,01019","0,56","0,52"
"-0,01018","0,56","0,48"
"-0,01017","0,56","0,48"
"-0,01016","0,56","0,52"
"-0,01015","0,56","0,48"
"-0,01014","0,56","0,52"
"-0,01013","0,56","0,52"
"-0,01012","0,52","0,52"
"-0,01011","0,56","0,52"
"-0,0101","0,56","0,52"
"-0,01009","0,56","0,52"
"-0,01008","0,56","0,52"
"-0,01007","0,56","0,52"
"-0,01006","0,56","0,52"
"-0,01005","0,56","0,52"
"-0,01004","0,56","0,52"
"-0,01003","0,56","0,48"
"-0,01002","0,56","0,52"
"-0,01001","0,56","0,52"
"-0,01","1,52","0,52"
"-0,00999","1,44","0,68"
"-0,00998","1,44","1,28"
"-0,00997","1,52","1,88"
"-0,00996","1,6","2,08"
"-0,00995","1,68","1,92"
"-0,00994","1,64","1,6"
"-0,00993","1,56","1,36"
"-0,00992","1,52","1,28"
"-0,00991","1,56","1,36"
"-0,0099","1,52","1,52"
"-0,00989","1,56","1,64"
"-0,00988","1,56","1,68"
"-0,00987","1,56","1,6"
"-0,00986","1,56","1,52"
"-0,00985","1,56","1,48"
"-0,00984","1,56","1,48"
"-0,00983","1,56","1,52"
"-0,00982","1,56","1,56"
"-0,00981","1,56","1,56"
"-0,0098","1,56","1,56"
"-0,00979","1,56","1,56"
"-0,00978","1,56","1,52"
"-0,00977","1,56","1,52"
"-0,00976","1,56","1,52"
"-0,00975","1,56","1,52"
"-0,00974","1,56","1,56"
"-0,00973","1,56","1,56"
"-0,00972","1,56","1,52"
"-0,00971","1,6","1,52"
"-0,0097","1,56","1,52"
"-0,00969","1,56","1,52"
"-0,00968","1,56","1,52"
"-0,00967","1,56","1,52"
"-0,00966","1,56","1,52"
"-0,00965","1,56","1,56"
"-0,00964","1,56","1,56"
"-0,00963","1,6","1,56"
"-0,00962","1,6","1,52"
"-0,00961","1,56","1,52"
"-0,0096","1,56","1,56"
"-0,00959","1,56","1,52"
"-0,00958","1,56","1,56"
"-0,00957","1,56","1,52"
"-0,00956","1,56","1,56"
"-0,00955","1,56","1,52"
"-0,00954","1,56","1,56"
"-0,00953","1,56","1,56"
"-0,00952","1,56","1,52"
"-0,00951","1,56","1,56"
"-0,0095","1,56","1,56"
"-0,00949","1,56","1,52"
"-0,00948","1,56","1,56"
"-0,00947","1,56","1,56"
"-0,00946","1,56","1,52"
"-0,00945","1,56","1,52"
"-0,00944","1,56","1,52"
"-0,00943","1,56","1,56"
"-0,00942","1,56","1,52"
"-0,00941","1,56","1,56"
"-0,0094","1,56","1,52"
"-0,00939","1,56","1,52"
"-0,00938","1,56","1,52"
"-0,00937","1,56","1,56"
"-0,00936","1,56","1,52"
"-0,00935","1,56","1,52"
"-0,00934","1,56","1,56"
"-0,00933","1,56","1,56"
"-0,00932","1,56","1,56"
"-0,00931","1,56","1,52"
"-0,0093","1,56","1,52"
"-0,00929","1,56","1,56"
"-0,00928","1,56","1,52"
"-0,00927","1,56","1,52"
"-0,00926","1,56","1,52"
"-0,00925","1,56","1,56"
"-0,00924","1,56","1,52"
"-0,00923","1,56","1,56"
"-0,00922","1,56","1,56"
"-0,00921","1,56","1,52"
"-0,0092","1,56","1,56"
"-0,00919","1,56","1,52"
"-0,00918","1,56","1,56"
"-0,00917","1,56","1,56"
"-0,00916","1,56","1,56"
"-0,00915","1,56","1,52"
"-0,00914","1,56","1,52"
"-0,00913","1,56","1,52"
"-0,00912","1,56","1,56"
"-0,00911","1,56","1,56"
"-0,0091","1,56","1,56"
"-0,00909","1,56","1,52"
"-0,00908","1,56","1,56"
"-0,00907","1,56","1,52"
"-0,00906","1,56","1,52"
"-0,00905","1,56","1,52"
"-0,00904","1,56","1,56"
"-0,00903","1,56","1,56"
"-0,00902","1,56","1,52"
"-0,00901","1,56","1,56"
"-0,009","1,56","1,52"
"-0,00899","1,56","1,52"
"-0,00898","1,56","1,52"
"-0,00897","1,56","1,56"
"-0,00896","1,56","1,56"
"-0,00895","1,56","1,56"
"-0,00894","1,56","1,52"
"-0,00893","1,56","1,52"
"-0,00892","1,56","1,56"
"-0,00891","1,56","1,56"
"-0,0089","1,56","1,52"
"-0,00889","1,56","1,56"
"-0,00888","1,56","1,52"
"-0,00887","1,56","1,56"
"-0,00886","1,56","1,56"
"-0,00885","1,56","1,52"
"-0,00884","1,56","1,52"
"-0,00883","1,56","1,56"
"-0,00882","1,56","1,52"
"-0,00881","1,56","1,52"
"-0,0088","1,56","1,52"
"-0,00879","1,56","1,52"
"-0,00878","1,56","1,56"
"-0,00877","1,56","1,52"
"-0,00876","1,56","1,56"
"-0,00875","1,56","1,56"
"-0,00874","1,56","1,52"
"-0,00873","1,56","1,52"
"-0,00872","1,56","1,52"
"-0,00871","1,56","1,56"
"-0,0087","1,56","1,56"
"-0,00869","1,56","1,56"
"-0,00868","1,56","1,56"
"-0,00867","1,56","1,52"
"-0,00866","1,6","1,52"
"-0,00865","1,56","1,56"
"-0,00864","1,56","1,52"
"-0,00863","1,56","1,52"
"-0,00862","1,56","1,52"
"-0,00861","1,56","1,56"
"-0,0086","1,56","1,52"
"-0,00859","1,56","1,56"
"-0,00858","1,56","1,56"
"-0,00857","1,56","1,52"
"-0,00856","1,56","1,56"
"-0,00855","1,56","1,56"
"-0,00854","1,56","1,52"
"-0,00853","1,56","1,52"
"-0,00852","1,56","1,56"
"-0,00851","1,56","1,56"
"-0,0085","1,56","1,56"
"-0,00849","1,56","1,56"
"-0,00848","1,56","1,52"
"-0,00847","1,56","1,52"
"-0,00846","1,56","1,56"
"-0,00845","1,56","1,56"
"-0,00844","1,56","1,56"
"-0,00843","1,56","1,52"
"-0,00842","1,56","1,52"
"-0,00841","1,56","1,52"
"-0,0084","1,56","1,56"
"-0,00839","1,56","1,52"
"-0,00838","1,56","1,52"
"-0,00837","1,56","1,52"
"-0,00836","1,56","1,52"
"-0,00835","1,56","1,52"
"-0,00834","1,56","1,52"
"-0,00833","1,56","1,56"
"-0,00832","1,56","1,56"
"-0,00831","1,56","1,52"
"-0,0083","1,56","1,52"
"-0,00829","1,56","1,56"
"-0,00828","1,56","1,52"
"-0,00827","1,56","1,52"
"-0,00826","1,56","1,56"
"-0,00825","1,6","1,56"
"-0,00824","1,6","1,52"
"-0,00823","1,56","1,52"
"-0,00822","1,56","1,52"
"-0,00821","1,56","1,56"
"-0,0082","1,56","1,56"
"-0,00819","1,56","1,56"
"-0,00818","1,56","1,52"
"-0,00817","1,56","1,56"
"-0,00816","1,56","1,56"
"-0,00815","1,56","1,56"
"-0,00814","1,56","1,52"
"-0,00813","1,6","1,56"
"-0,00812","1,56","1,56"
"-0,00811","1,56","1,52"
"-0,0081","1,56","1,52"
"-0,00809","1,56","1,56"
"-0,00808","1,56","1,52"
"-0,00807","1,56","1,56"
"-0,00806","1,56","1,56"
"-0,00805","1,56","1,52"
"-0,00804","1,56","1,52"
"-0,00803","1,56","1,52"
"-0,00802","1,56","1,56"
"-0,00801","1,56","1,52"
"-0,008","1,56","1,56"
"-0,00799","1,56","1,56"
"-0,00798","1,56","1,52"
"-0,00797","1,56","1,52"
"-0,00796","1,56","1,56"
"-0,00795","1,56","1,52"
"-0,00794","1,56","1,52"
"-0,00793","1,56","1,56"
"-0,00792","1,56","1,56"
"-0,00791","1,56","1,52"
"-0,0079","1,56","1,52"
"-0,00789","1,56","1,56"
"-0,00788","1,56","1,52"
"-0,00787","1,56","1,52"
"-0,00786","1,56","1,56"
"-0,00785","1,56","1,52"
"-0,00784","1,56","1,52"
"-0,00783","1,56","1,52"
"-0,00782","1,56","1,56"
"-0,00781","1,56","1,52"
"-0,0078","1,56","1,52"
"-0,00779","1,56","1,52"
"-0,00778","1,56","1,56"
"-0,00777","1,56","1,52"
"-0,00776","1,56","1,52"
"-0,00775","1,56","1,56"
"-0,00774","1,56","1,52"
"-0,00773","1,56","1,56"
"-0,00772","1,56","1,56"
"-0,00771","1,56","1,56"
"-0,0077","1,56","1,52"
"-0,00769","1,56","1,56"
"-0,00768","1,56","1,56"
"-0,00767","1,56","1,56"
"-0,00766","1,56","1,52"
"-0,00765","1,56","1,56"
"-0,00764","1,56","1,56"
"-0,00763","1,56","1,56"
"-0,00762","1,56","1,52"
"-0,00761","1,6","1,52"
"-0,0076","1,56","1,56"
"-0,00759","1,56","1,52"
"-0,00758","1,56","1,56"
"-0,00757","1,56","1,56"
"-0,00756","1,56","1,56"
"-0,00755","1,56","1,56"
"-0,00754","1,56","1,52"
"-0,00753","1,56","1,56"
"-0,00752","1,56","1,56"
"-0,00751","1,56","1,56"
"-0,0075","0,64","1,52"
"-0,00749","0,72","1,12"
"-0,00748","0,64","0,52"
"-0,00747","0,56","0,08"
"-0,00746","0,48",0
"-0,00745","0,48","0,24"
"-0,00744","0,48","0,56"
"-0,00743","0,56","0,72"
"-0,00742","0,6","0,72"
"-0,00741","0,6","0,6"
"-0,0074","0,56","0,44"
"-0,00739","0,52","0,36"
"-0,00738","0,52","0,4"
"-0,00737","0,52","0,48"
"-0,00736","0,56","0,52"
"-0,00735","0,56","0,56"
"-0,00734","0,56","0,52"
"-0,00733","0,56","0,52"
"-0,00732","0,56","0,48"
"-0,00731","0,56","0,48"
"-0,0073","0,56","0,52"
"-0,00729","0,56","0,52"
"-0,00728","0,56","0,52"
"-0,00727","0,52","0,52"
"-0,00726","0,56","0,52"
"-0,00725","0,56","0,48"
"-0,00724","0,56","0,52"
"-0,00723","0,56","0,48"
"-0,00722","0,56","0,52"
"-0,00721","0,56","0,48"
"-0,0072","0,56","0,52"
"-0,00719","0,52","0,52"
"-0,00718","0,56","0,48"
"-0,00717","0,56","0,52"
"-0,00716","0,56","0,52"
"-0,00715","0,56","0,52"
"-0,00714","0,56","0,52"
"-0,00713","0,56","0,52"
"-0,00712","0,56","0,52"
"-0,00711","0,56","0,52"
"-0,0071","0,56","0,52"
"-0,00709","0,56","0,52"
"-0,00708","0,56","0,48"
"-0,00707","0,56","0,52"
"-0,00706","0,52","0,52"
"-0,00705","0,56","0,52"
"-0,00704","0,56","0,52"
"-0,00703","0,52","0,52"
"-0,00702","0,52","0,52"
"-0,00701","0,52","0,48"
"-0,007","0,56","0,48"
"-0,00699","0,56","0,48"
"-0,00698","0,52","0,48"
"-0,00697","0,56","0,52"
"-0,00696","0,56","0,52"
"-0,00695","0,56","0,52"
"-0,00694","0,52","0,52"
"-0,00693","0,56","0,52"
"-0,00692","0,56","0,52"
"-0,00691","0,52","0,52"
"-0,0069","0,56","0,52"
"-0,00689","0,56","0,52"
"-0,00688","0,52","0,52"
"-0,00687","0,56","0,52"
"-0,00686","0,56","0,48"
"-0,00685","0,52","0,52"
"-0,00684","0,56","0,52"
"-0,00683","0,56","0,52"
"-0,00682","0,56","0,48"
"-0,00681","0,56","0,52"
"-0,0068","0,56","0,52"
"-0,00679","0,56","0,52"
"-0,00678","0,52","0,52"
"-0,00677","0,56","0,48"
"-0,00676","0,56","0,52"
"-0,00675","0,56","0,52"
"-0,00674","0,56","0,48"
"-0,00673","0,56","0,52"
"-0,00672","0,56","0,52"
"-0,00671","0,56","0,52"
"-0,0067","0,56","0,52"
"-0,00669","0,56","0,48"
"-0,00668","0,56","0,52"
"-0,00667","0,52","0,48"
"-0,00666","0,56","0,52"
"-0,00665","0,56","0,52"
"-0,00664","0,56","0,52"
"-0,00663","0,56","0,52"
"-0,00662","0,56","0,52"
"-0,00661","0,56","0,52"
"-0,0066","0,56","0,52"
"-0,00659","0,56","0,52"
"-0,00658","0,56","0,52"
"-0,00657","0,56","0,52"
"-0,00656","0,56","0,48"
"-0,00655","0,56","0,52"
"-0,00654","0,56","0,48"
"-0,00653","0,56","0,52"
"-0,00652","0,56","0,52"
"-0,00651","0,56","0,52"
"-0,0065","0,52","0,52"
"-0,00649","0,56","0,48"
"-0,00648","0,52","0,52"
"-0,00647","0,56","0,48"
"-0,00646","0,52","0,52"
"-0,00645","0,56","0,52"
"-0,00644","0,52","0,48"
"-0,00643","0,56","0,52"
"-0,00642","0,56","0,52"
"-0,00641","0,52","0,52"
"-0,0064","0,56","0,52"
"-0,00639","0,56","0,52"
"-0,00638","0,56","0,48"
"-0,00637","0,56","0,52"
"-0,00636","0,52","0,52"
"-0,00635","0,56","0,52"
"-0,00634","0,56","0,52"
"-0,00633","0,56","0,52"
"-0,00632","0,56","0,52"
"-0,00631","0,56","0,48"
"-0,0063","0,56","0,52"
"-0,00629","0,56","0,48"
"-0,00628","0,56","0,52"
"-0,00627","0,56","0,52"
"-0,00626","0,56","0,52"
"-0,00625","0,56","0,48"
"-0,00624","0,56","0,52"
"-0,00623","0,56","0,52"
"-0,00622","0,56","0,48"
"-0,00621","0,56","0,52"
"-0,0062","0,56","0,52"
"-0,00619","0,56","0,52"
"-0,00618","0,56","0,52"
"-0,00617","0,52","0,52"
"-0,00616","0,56","0,48"
"-0,00615","0,56","0,52"
"-0,00614","0,56","0,48"
"-0,00613","0,56","0,48"
"-0,00612","0,56","0,48"
"-0,00611","0,56","0,52"
"-0,0061","0,52","0,52"
"-0,00609","0,56","0,52"
"-0,00608","0,56","0,48"
"-0,00607","0,56","0,48"
"-0,00606","0,56","0,48"
"-0,00605","0,56","0,52"
"-0,00604","0,56","0,48"
"-0,00603","0,56","0,52"
"-0,00602","0,56","0,52"
"-0,00601","0,56","0,52"
"-0,006","0,56","0,48"
"-0,00599","0,56","0,48"
"-0,00598","0,56","0,52"
"-0,00597","0,56","0,52"
"-0,00596","0,56","0,48"
"-0,00595","0,52","0,48"
"-0,00594","0,56","0,48"
"-0,00593","0,52","0,48"
"-0,00592","0,56","0,48"
"-0,00591","0,56","0,52"
"-0,0059","0,56","0,52"
"-0,00589","0,52","0,52"
"-0,00588","0,56","0,52"
"-0,00587","0,52","0,52"
"-0,00586","0,52","0,48"
"-0,00585","0,56","0,52"
"-0,00584","0,56","0,52"
"-0,00583","0,56","0,48"
"-0,00582","0,56","0,52"
"-0,00581","0,56","0,52"
"-0,0058","0,56","0,52"
"-0,00579","0,56","0,48"
"-0,00578","0,56","0,48"
"-0,00577","0,56","0,48"
"-0,00576","0,56","0,52"
"-0,00575","0,52","0,52"
"-0,00574","0,56","0,52"
"-0,00573","0,56","0,48"
"-0,00572","0,56","0,52"
"-0,00571","0,56","0,52"
"-0,0057","0,52","0,52"
"-0,00569","0,56","0,52"
"-0,00568","0,56","0,48"
"-0,00567","0,56","0,52"
"-0,00566","0,56","0,48"
"-0,00565","0,56","0,52"
"-0,00564","0,56","0,48"
"-0,00563","0,56","0,52"
"-0,00562","0,52","0,52"
"-0,00561","0,52","0,52"
"-0,0056","0,56","0,52"
"-0,00559","0,56","0,52"
"-0,00558","0,56","0,52"
"-0,00557","0,52","0,52"
"-0,00556","0,56","0,52"
"-0,00555","0,56","0,52"
"-0,00554","0,52","0,52"
"-0,00553","0,56","0,52"
"-0,00552","0,52","0,48"
"-0,00551","0,56","0,52"
"-0,0055","0,56","0,52"
"-0,00549","0,52","0,52"
"-0,00548","0,56","0,52"
"-0,00547","0,56","0,52"
"-0,00546","0,56","0,52"
"-0,00545","0,56","0,48"
"-0,00544","0,56","0,52"
"-0,00543","0,56","0,52"
"-0,00542","0,56","0,52"
"-0,00541","0,52","0,52"
"-0,0054","0,56","0,52"
"-0,00539","0,56","0,52"
"-0,00538","0,52","0,48"
"-0,00537","0,56","0,52"
"-0,00536","0,52","0,52"
"-0,00535","0,52","0,52"
"-0,00534","0,52","0,52"
"-0,00533","0,56","0,52"
"-0,00532","0,56","0,52"
"-0,00531","0,56","0,52"
"-0,0053","0,56","0,52"
"-0,00529","0,56","0,52"
"-0,00528","0,56","0,52"
"-0,00527","0,56","0,52"
"-0,00526","0,56","0,52"
"-0,00525","0,52","0,48"
"-0,00524","0,56","0,52"
"-0,00523","0,56","0,52"
"-0,00522","0,56","0,52"
"-0,00521","0,56","0,48"
"-0,0052","0,52","0,52"
"-0,00519","0,56","0,52"
"-0,00518","0,56","0,52"
"-0,00517","0,56","0,48"
"-0,00516","0,52","0,52"
"-0,00515","0,56","0,52"
"-0,00514","0,56","0,48"
"-0,00513","0,52","0,52"
"-0,00512","0,52","0,52"
"-0,00511","0,52","0,52"
"-0,0051","0,56","0,52"
"-0,00509","0,6","0,52"
"-0,00508","0,56","0,52"
"-0,00507","0,52","0,48"
"-0,00506","0,52","0,48"
"-0,00505","0,56","0,52"
"-0,00504","0,56","0,48"
"-0,00503","0,56","0,52"
"-0,00502","0,56","0,52"
"-0,00501","0,56","0,52"
"-0,005","1,52","0,52"
"-0,00499","1,44","0,72"
"-0,00498","1,44","1,32"
"-0,00497","1,52","1,88"
"-0,00496","1,6","2,04"
"-0,00495","1,64","1,92"
"-0,00494","1,64","1,56"
"-0,00493","1,56","1,36"
"-0,00492","1,56","1,28"
"-0,00491","1,52","1,4"
"-0,0049","1,52","1,56"
"-0,00489","1,56","1,68"
"-0,00488","1,56","1,68"
"-0,00487","1,56","1,6"
"-0,00486","1,56","1,52"
"-0,00485","1,56","1,48"
"-0,00484","1,56","1,48"
"-0,00483","1,56","1,52"
"-0,00482","1,56","1,56"
"-0,00481","1,56","1,56"
"-0,0048","1,56","1,56"
"-0,00479","1,56","1,52"
"-0,00478","1,56","1,52"
"-0,00477","1,56","1,52"
"-0,00476","1,56","1,52"
"-0,00475","1,56","1,52"
"-0,00474","1,56","1,52"
"-0,00473","1,56","1,56"
"-0,00472","1,56","1,56"
"-0,00471","1,56","1,52"
"-0,0047","1,56","1,52"
"-0,00469","1,56","1,52"
"-0,00468","1,56","1,56"
"-0,00467","1,56","1,52"
"-0,00465999999999999","1,56","1,52"
"-0,00465","1,56","1,56"
"-0,00464","1,56","1,52"
"-0,00463","1,56","1,56"
"-0,00462","1,56","1,52"
"-0,00460999999999999","1,6","1,52"
"-0,0046","1,56","1,56"
"-0,00459","1,56","1,52"
"-0,00458","1,56","1,56"
"-0,00456999999999999","1,56","1,56"
"-0,00456","1,56","1,56"
"-0,00455","1,56","1,52"
"-0,00454","1,56","1,52"
"-0,00452999999999999","1,56","1,56"
"-0,00452","1,56","1,56"
"-0,00451","1,56","1,56"
"-0,0045","1,56","1,52"
"-0,00448999999999999","1,56","1,52"
"-0,00448","1,56","1,52"
"-0,00447","1,6","1,52"
"-0,00446","1,56","1,56"
"-0,00445","1,6","1,52"
"-0,00443999999999999","1,56","1,56"
"-0,00443","1,56","1,52"
"-0,00442","1,56","1,56"
"-0,00441","1,56","1,52"
"-0,00439999999999999","1,56","1,52"
"-0,00439","1,56","1,52"
"-0,00438","1,56","1,56"
"-0,00437","1,56","1,52"
"-0,00435999999999999","1,6","1,56"
"-0,00435","1,56","1,56"
"-0,00434","1,56","1,56"
"-0,00433","1,56","1,56"
"-0,00431999999999999","1,56","1,52"
"-0,00431","1,56","1,52"
"-0,0043","1,56","1,52"
"-0,00429","1,56","1,56"
"-0,00428","1,56","1,52"
"-0,00426999999999999","1,56","1,52"
"-0,00426","1,56","1,52"
"-0,00425","1,56","1,52"
"-0,00424","1,56","1,52"
"-0,00422999999999999","1,56","1,52"
"-0,00422","1,56","1,52"
"-0,00421","1,56","1,52"
"-0,0042","1,56","1,56"
"-0,00418999999999999","1,56","1,52"
"-0,00418","1,56","1,56"
"-0,00417","1,56","1,52"
"-0,00416","1,56","1,52"
"-0,00414999999999999","1,56","1,56"
"-0,00414","1,56","1,56"
"-0,00413","1,56","1,52"
"-0,00412","1,56","1,56"
"-0,00411","1,56","1,52"
"-0,00409999999999999","1,56","1,56"
"-0,00409","1,56","1,56"
"-0,00408","1,56","1,56"
"-0,00407","1,56","1,52"
"-0,00405999999999999","1,56","1,52"
"-0,00405","1,56","1,52"
"-0,00404","1,56","1,56"
"-0,00403","1,56","1,52"
"-0,00401999999999999","1,56","1,52"
"-0,00401","1,56","1,56"
"-0,004","1,56","1,56"
"-0,00399","1,56","1,52"
"-0,00397999999999999","1,56","1,56"
"-0,00397","1,56","1,56"
"-0,00396","1,56","1,52"
"-0,00395","1,56","1,52"
"-0,00394","1,56","1,52"
"-0,00392999999999999","1,56","1,56"
"-0,00392","1,56","1,52"
"-0,00391","1,56","1,52"
"-0,0039","1,56","1,56"
"-0,00388999999999999","1,56","1,52"
"-0,00387999999999999","1,56","1,52"
"-0,00387","1,56","1,56"
"-0,00386","1,56","1,56"
"-0,00384999999999999","1,56","1,52"
"-0,00383999999999999","1,56","1,56"
"-0,00383","1,56","1,52"
"-0,00382","1,56","1,56"
"-0,00380999999999999","1,56","1,52"
"-0,00379999999999999","1,56","1,52"
"-0,00379","1,56","1,52"
"-0,00378","1,56","1,56"
"-0,00377","1,56","1,52"
"-0,00375999999999999","1,56","1,52"
"-0,00375","1,56","1,56"
"-0,00374","1,56","1,52"
"-0,00373","1,56","1,56"
"-0,00371999999999999","1,56","1,56"
"-0,00370999999999999","1,56","1,56"
"-0,0037","1,56","1,56"
"-0,00369","1,56","1,52"
"-0,00367999999999999","1,56","1,56"
"-0,00366999999999999","1,56","1,56"
"-0,00366","1,56","1,56"
"-0,00365","1,56","1,56"
"-0,00363999999999999","1,56","1,52"
"-0,00362999999999999","1,56","1,56"
"-0,00362","1,56","1,52"
"-0,00361","1,56","1,56"
"-0,0036","1,56","1,52"
"-0,00358999999999999","1,56","1,52"
"-0,00358","1,56","1,56"
"-0,00357","1,56","1,52"
"-0,00356","1,56","1,52"
"-0,00354999999999999","1,56","1,56"
"-0,00353999999999999","1,56","1,52"
"-0,00353","1,56","1,56"
"-0,00352","1,56","1,56"
"-0,00350999999999999","1,56","1,52"
"-0,00349999999999999","1,56","1,52"
"-0,00349","1,56","1,56"
"-0,00348","1,56","1,52"
"-0,00346999999999999","1,56","1,56"
"-0,00345999999999999","1,56","1,56"
"-0,00345","1,56","1,52"
"-0,00344","1,56","1,56"
"-0,00343","1,56","1,52"
"-0,00341999999999999","1,56","1,56"
"-0,00341","1,56","1,56"
"-0,0034","1,56","1,52"
"-0,00339","1,56","1,52"
"-0,00337999999999999","1,56","1,52"
"-0,00336999999999999","1,56","1,52"
"-0,00336","1,56","1,56"
"-0,00335","1,56","1,56"
"-0,00333999999999999","1,56","1,56"
"-0,00332999999999999","1,56","1,52"
"-0,00332","1,56","1,52"
"-0,00331","1,56","1,52"
"-0,00329999999999999","1,56","1,56"
"-0,00328999999999999","1,56","1,52"
"-0,00328","1,56","1,56"
"-0,00327","1,56","1,56"
"-0,00326","1,56","1,52"
"-0,00324999999999999","1,56","1,52"
"-0,00324","1,56","1,56"
"-0,00323","1,56","1,52"
"-0,00322","1,56","1,56"
"-0,00320999999999999","1,56","1,56"
"-0,00319999999999999","1,56","1,52"
"-0,00319","1,56","1,52"
"-0,00318","1,56","1,52"
"-0,00316999999999999","1,56","1,56"
"-0,00315999999999999","1,56","1,52"
"-0,00315","1,56","1,56"
"-0,00314","1,56","1,56"
"-0,00312999999999999","1,56","1,52"
"-0,00311999999999999","1,56","1,52"
"-0,00311","1,56","1,56"
"-0,0031","1,56","1,52"
"-0,00309","1,56","1,56"
"-0,00307999999999999","1,56","1,52"
"-0,00307","1,56","1,56"
"-0,00306","1,56","1,56"
"-0,00305","1,56","1,52"
"-0,00303999999999999","1,56","1,56"
"-0,00302999999999999","1,56","1,52"
"-0,00302","1,56","1,52"
"-0,00301","1,56","1,52"
"-0,00299999999999999","1,56","1,56"
"-0,00298999999999999","1,56","1,52"
"-0,00298","1,56","1,52"
"-0,00297","1,56","1,56"
"-0,00295999999999999","1,56","1,52"
"-0,00294999999999999","1,56","1,56"
"-0,00294","1,56","1,52"
"-0,00293","1,56","1,56"
"-0,00292","1,56","1,52"
"-0,00290999999999999","1,6","1,56"
"-0,0029","1,56","1,56"
"-0,00289","1,56","1,56"
"-0,00288","1,56","1,52"
"-0,00286999999999999","1,56","1,56"
"-0,00285999999999999","1,56","1,52"
"-0,00285","1,56","1,56"
"-0,00284","1,56","1,56"
"-0,00282999999999999","1,56","1,52"
"-0,00281999999999999","1,56","1,52"
"-0,00281","1,56","1,56"
"-0,0028","1,56","1,52"
"-0,00278999999999999","1,56","1,52"
"-0,00277999999999999","1,56","1,52"
"-0,00277","1,56","1,52"
"-0,00276","1,56","1,52"
"-0,00275","1,56","1,52"
"-0,00273999999999999","1,56","1,56"
"-0,00273","1,56","1,56"
"-0,00272","1,56","1,52"
"-0,00271","1,56","1,52"
"-0,00269999999999999","1,56","1,52"
"-0,00268999999999999","1,56","1,56"
"-0,00268","1,56","1,52"
"-0,00267","1,56","1,52"
"-0,00265999999999999","1,56","1,52"
"-0,00264999999999999","1,56","1,56"
"-0,00264","1,56","1,56"
"-0,00263","1,56","1,56"
"-0,00261999999999999","1,56","1,56"
"-0,00260999999999999","1,56","1,56"
"-0,0026","1,56","1,56"
"-0,00259","1,56","1,56"
"-0,00258","1,56","1,56"
"-0,00256999999999999","1,56","1,52"
"-0,00255999999999999","1,56","1,56"
"-0,00255","1,56","1,56"
"-0,00254","1,56","1,56"
"-0,00252999999999999","1,56","1,52"
"-0,00251999999999999","1,56","1,56"
"-0,00251","1,56","1,56"
"-0,0025","0,64","1,52"
"-0,00248999999999999","0,72","1,16"
"-0,00247999999999999","0,64","0,52"
"-0,00247","0,56","0,08"
"-0,00246","0,48",0
"-0,00244999999999999","0,48","0,28"
"-0,00243999999999999","0,48","0,56"
"-0,00243","0,56","0,76"
"-0,00242","0,56","0,72"
"-0,00241","0,6","0,6"
"-0,00239999999999999","0,56","0,44"
"-0,00238999999999999","0,56","0,36"
"-0,00238","0,52","0,4"
"-0,00237","0,52","0,48"
"-0,00235999999999999","0,52","0,56"
"-0,00234999999999999","0,56","0,56"
"-0,00234","0,56","0,56"
"-0,00233","0,56","0,52"
"-0,00231999999999999","0,56","0,48"
"-0,00230999999999999","0,52","0,48"
"-0,0023","0,56","0,48"
"-0,00229","0,56","0,52"
"-0,00227999999999999","0,56","0,52"
"-0,00226999999999999","0,56","0,52"
"-0,00226","0,52","0,52"
"-0,00225","0,56","0,48"
"-0,00224","0,56","0,52"
"-0,00222999999999999","0,56","0,48"
"-0,00221999999999999","0,56","0,48"
"-0,00221","0,56","0,52"
"-0,0022","0,56","0,52"
"-0,00218999999999999","0,56","0,52"
"-0,00217999999999999","0,56","0,52"
"-0,00217","0,56","0,52"
"-0,00216","0,56","0,48"
"-0,00214999999999999","0,52","0,52"
"-0,00213999999999999","0,56","0,52"
"-0,00213","0,56","0,52"
"-0,00212","0,52","0,52"
"-0,00210999999999999","0,56","0,48"
"-0,00209999999999999","0,56","0,52"
"-0,00209","0,56","0,52"
"-0,00208","0,56","0,52"
"-0,00207","0,56","0,52"
"-0,00205999999999999","0,52","0,52"
"-0,00204999999999999","0,56","0,48"
"-0,00204","0,56","0,52"
"-0,00203","0,52","0,48"
"-0,00201999999999999","0,52","0,52"
"-0,00200999999999999","0,56","0,48"
"-0,002","0,56","0,52"
"-0,00199","0,56","0,52"
"-0,00197999999999999","0,56","0,52"
"-0,00196999999999999","0,56","0,52"
"-0,00196","0,56","0,52"
"-0,00195","0,52","0,48"
"-0,00193999999999999","0,56","0,52"
"-0,00192999999999999","0,52","0,48"
"-0,00191999999999999","0,56","0,52"
"-0,00191","0,56","0,52"
"-0,0019","0,56","0,52"
"-0,00188999999999999","0,56","0,48"
"-0,00187999999999999","0,56","0,52"
"-0,00187","0,56","0,52"
"-0,00186","0,56","0,52"
"-0,00184999999999999","0,56","0,52"
"-0,00183999999999999","0,56","0,52"
"-0,00183","0,56","0,52"
"-0,00182","0,56","0,52"
"-0,00180999999999999","0,56","0,52"
"-0,00179999999999999","0,56","0,52"
"-0,00179","0,56","0,48"
"-0,00178","0,56","0,52"
"-0,00176999999999999","0,56","0,52"
"-0,00175999999999999","0,56","0,52"
"-0,00174999999999999","0,56","0,52"
"-0,00174","0,56","0,48"
"-0,00173","0,56","0,48"
"-0,00171999999999999","0,56","0,52"
"-0,00170999999999999","0,56","0,52"
"-0,0017","0,56","0,52"
"-0,00169","0,56","0,52"
"-0,00167999999999999","0,56","0,52"
"-0,00166999999999999","0,52","0,52"
"-0,00166","0,52","0,52"
"-0,00165","0,56","0,52"
"-0,00163999999999999","0,56","0,48"
"-0,00162999999999999","0,56","0,48"
"-0,00162","0,56","0,52"
"-0,00161","0,52","0,52"
"-0,00159999999999999","0,52","0,52"
"-0,00158999999999999","0,52","0,52"
"-0,00157999999999999","0,52","0,48"
"-0,00157","0,52","0,52"
"-0,00156","0,56","0,48"
"-0,00154999999999999","0,52","0,52"
"-0,00153999999999999","0,56","0,52"
"-0,00153","0,56","0,52"
"-0,00152","0,56","0,48"
"-0,00150999999999999","0,56","0,52"
"-0,00149999999999999","0,56","0,52"
"-0,00149","0,56","0,48"
"-0,00148","0,56","0,52"
"-0,00146999999999999","0,56","0,52"
"-0,00145999999999999","0,56","0,52"
"-0,00145","0,56","0,52"
"-0,00144","0,56","0,48"
"-0,00142999999999999","0,52","0,48"
"-0,00141999999999999","0,56","0,52"
"-0,00140999999999999","0,52","0,52"
"-0,0014","0,56","0,52"
"-0,00139","0,52","0,52"
"-0,00137999999999999","0,56","0,48"
"-0,00136999999999999","0,56","0,52"
"-0,00136","0,56","0,48"
"-0,00135","0,56","0,52"
"-0,00133999999999999","0,56","0,52"
"-0,00132999999999999","0,56","0,48"
"-0,00132","0,56","0,52"
"-0,00131","0,56","0,52"
"-0,00129999999999999","0,56","0,52"
"-0,00128999999999999","0,56","0,52"
"-0,00127999999999999","0,56","0,48"
"-0,00127","0,56","0,52"
"-0,00125999999999999","0,56","0,52"
"-0,00124999999999999","0,56","0,52"
"-0,00123999999999999","0,56","0,48"
"-0,00123","0,56","0,52"
"-0,00122","0,56","0,52"
"-0,00120999999999999","0,52","0,52"
"-0,00119999999999999","0,52","0,52"
"-0,00119","0,52","0,52"
"-0,00118","0,56","0,52"
"-0,00116999999999999","0,56","0,52"
"-0,00115999999999999","0,56","0,52"
"-0,00115","0,56","0,52"
"-0,00114","0,56","0,52"
"-0,00112999999999999","0,56","0,52"
"-0,00111999999999999","0,56","0,48"
"-0,00110999999999999","0,56","0,48"
"-0,0011","0,56","0,52"
"-0,00108999999999999","0,56","0,52"
"-0,00107999999999999","0,56","0,52"
"-0,00106999999999999","0,56","0,52"
"-0,00106","0,56","0,52"
"-0,00105","0,56","0,52"
"-0,00103999999999999","0,56","0,52"
"-0,00102999999999999","0,56","0,48"
"-0,00102","0,56","0,52"
"-0,00101","0,52","0,52"
"-0,000999999999999999","0,56","0,52"
"-0,000989999999999999","0,56","0,48"
"-0,00098","0,56","0,48"
"-0,00097","0,52","0,52"
"-0,000959999999999999","0,52","0,52"
"-0,000949999999999999","0,56","0,48"
"-0,000939999999999999","0,52","0,48"
"-0,00093","0,56","0,48"
"-0,000919999999999998","0,52","0,48"
"-0,000909999999999999","0,56","0,52"
"-0,000899999999999999","0,56","0,48"
"-0,00089","0,56","0,52"
"-0,00088","0,56","0,52"
"-0,000869999999999999","0,56","0,52"
"-0,000859999999999999","0,56","0,52"
"-0,00085","0,56","0,52"
"-0,00084","0,56","0,52"
"-0,000829999999999999","0,56","0,52"
"-0,000819999999999999","0,56","0,48"
"-0,00081","0,56","0,48"
"-0,0008","0,52","0,52"
"-0,000789999999999999","0,56","0,48"
"-0,000779999999999999","0,56","0,48"
"-0,000769999999999999","0,52","0,52"
"-0,00076","0,56","0,52"
"-0,000749999999999998","0,56","0,52"
"-0,000739999999999999","0,56","0,52"
"-0,000729999999999999","0,56","0,52"
"-0,00072","0,56","0,52"
"-0,00071","0,56","0,52"
"-0,000699999999999999","0,56","0,48"
"-0,000689999999999999","0,56","0,48"
"-0,00068","0,52","0,52"
"-0,00067","0,56","0,48"
"-0,000659999999999999","0,56","0,52"
"-0,000649999999999999","0,56","0,48"
"-0,000639999999999999","0,56","0,52"
"-0,00063","0,56","0,52"
"-0,000619999999999999","0,56","0,48"
"-0,000609999999999999","0,52","0,48"
"-0,000599999999999999","0,52","0,52"
"-0,00059","0,52","0,52"
"-0,000579999999999998","0,56","0,48"
"-0,000569999999999999","0,56","0,52"
"-0,000559999999999999","0,56","0,52"
"-0,00055","0,56","0,48"
"-0,00054","0,56","0,52"
"-0,000529999999999999","0,56","0,52"
"-0,000519999999999999","0,56","0,52"
"-0,00051","0,56","0,52"
"-0,0005","0,52","0,52"
"-0,000489999999999999","0,52","0,52"
"-0,000479999999999999","0,56","0,52"
"-0,000469999999999999","0,56","0,52"
"-0,00046","0,52","0,52"
"-0,000449999999999999","0,56","0,52"
"-0,000439999999999999","0,52","0,48"
"-0,000429999999999999","0,56","0,52"
"-0,00042","0,56","0,52"
"-0,000409999999999998","0,56","0,52"
"-0,000399999999999999","0,56","0,52"
"-0,000389999999999999","0,56","0,52"
"-0,00038","0,56","0,52"
"-0,00037","0,56","0,52"
"-0,000359999999999999","0,56","0,52"
"-0,000349999999999999","0,52","0,48"
"-0,00034","0,56","0,52"
"-0,00033","0,56","0,52"
"-0,000319999999999999","0,56","0,48"
"-0,000309999999999999","0,56","0,52"
"-0,000299999999999999","0,52","0,52"
"-0,00029","0,56","0,52"
"-0,000279999999999999","0,56","0,48"
"-0,000269999999999999","0,56","0,48"
"-0,000259999999999999","0,56","0,48"
"-0,00025","0,52","0,52"
"-0,000239999999999998","0,56","0,52"
"-0,000229999999999999","0,56","0,52"
"-0,000219999999999999","0,52","0,52"
"-0,00021","0,56","0,52"
"-0,0002","0,56","0,52"
"-0,000189999999999999","0,56","0,48"
"-0,000179999999999999","0,56","0,52"
"-0,00017","0,56","0,48"
"-0,00016","0,56","0,52"
"-0,000149999999999999","0,56","0,52"
"-0,000139999999999999","0,56","0,52"
"-0,000129999999999999","0,52","0,52"
"-0,00012","0,56","0,48"
"-0,000109999999999998","0,56","0,52"
"-9,99999999999994E-05","0,56","0,52"
"-8,99999999999998E-05","0,56","0,52"
"-8,00000000000002E-05","0,56","0,48"
"-6,99999999999988E-05","0,56","0,48"
"-5,99999999999992E-05","0,56","0,52"
"-4,99999999999997E-05","0,56","0,52"
"-4,00000000000001E-05","0,56","0,52"
"-3,00000000000005E-05","0,56","0,52"
"-1,99999999999991E-05","0,52","0,52"
"-9,99999999999959E-06","0,56","0,52"
0,"1,52","0,48"
"9,99999999999959E-06","1,44","0,72"
"2,00000000000009E-05","1,44","1,36"
"3,00000000000005E-05","1,52","1,88"
"4,00000000000001E-05","1,6","2,08"
"4,99999999999997E-05","1,64","1,88"
"6,0000000000001E-05","1,64","1,6"
"7,00000000000006E-05","1,56","1,36"
"8,00000000000002E-05","1,56","1,24"
"8,99999999999998E-05","1,52","1,4"
"0,000100000000000001","1,56","1,52"
"0,00011","1,56","1,68"
"0,00012","1,6","1,68"
"0,000129999999999999","1,6","1,6"
"0,000139999999999999","1,56","1,52"
"0,00015","1,56","1,48"
"0,00016","1,56","1,48"
"0,00017","1,56","1,52"
"0,000179999999999999","1,56","1,56"
"0,00019","1,56","1,56"
"0,0002","1,6","1,56"
"0,00021","1,56","1,52"
"0,000219999999999999","1,56","1,52"
"0,000230000000000001","1,56","1,52"
"0,00024","1,56","1,52"
"0,00025","1,56","1,52"
"0,000259999999999999","1,56","1,56"
"0,000270000000000001","1,56","1,52"
"0,00028","1,56","1,56"
"0,00029","1,56","1,56"
"0,000299999999999999","1,56","1,52"
"0,000309999999999999","1,56","1,52"
"0,00032","1,56","1,56"
"0,00033","1,56","1,52"
"0,00034","1,56","1,52"
"0,000349999999999999","1,56","1,56"
"0,00036","1,56","1,52"
"0,00037","1,56","1,52"
"0,00038","1,56","1,56"
"0,000389999999999999","1,56","1,52"
"0,000400000000000001","1,56","1,52"
"0,00041","1,56","1,56"
"0,00042","1,56","1,52"
"0,000429999999999999","1,6","1,56"
"0,000440000000000001","1,56","1,56"
"0,00045","1,56","1,52"
"0,00046","1,56","1,56"
"0,000469999999999999","1,56","1,52"
"0,000479999999999999","1,56","1,52"
"0,00049","1,56","1,56"
"0,0005","1,56","1,52"
"0,00051","1,6","1,52"
"0,000519999999999999","1,6","1,52"
"0,000530000000000001","1,56","1,56"
"0,00054","1,56","1,52"
"0,00055","1,56","1,52"
"0,000559999999999999","1,56","1,52"
"0,000570000000000001","1,56","1,56"
"0,00058","1,56","1,52"
"0,00059","1,56","1,56"
"0,000599999999999999","1,56","1,56"
"0,000610000000000001","1,56","1,52"
"0,00062","1,56","1,56"
"0,00063","1,56","1,52"
"0,000639999999999999","1,56","1,56"
"0,000649999999999999","1,56","1,52"
"0,00066","1,56","1,52"
"0,00067","1,56","1,52"
"0,00068","1,56","1,52"
"0,000689999999999999","1,56","1,52"
"0,000700000000000001","1,56","1,52"
"0,00071","1,56","1,52"
"0,00072","1,56","1,52"
"0,000729999999999999","1,56","1,52"
"0,000740000000000001","1,56","1,56"
"0,00075","1,56","1,56"
"0,00076","1,56","1,52"
"0,000769999999999999","1,56","1,52"
"0,000780000000000001","1,56","1,52"
"0,00079","1,56","1,52"
"0,0008","1,56","1,56"
"0,00081","1,56","1,56"
"0,000819999999999999","1,56","1,56"
"0,00083","1,56","1,56"
"0,00084","1,56","1,56"
"0,00085","1,56","1,56"
"0,000859999999999999","1,56","1,52"
"0,000870000000000001","1,56","1,52"
"0,00088","1,56","1,52"
"0,00089","1,56","1,52"
"0,000899999999999999","1,56","1,52"
"0,000910000000000001","1,56","1,52"
"0,00092","1,56","1,52"
"0,00093","1,56","1,56"
"0,000939999999999999","1,56","1,56"
"0,000950000000000001","1,56","1,52"
"0,00096","1,56","1,56"
"0,00097","1,56","1,56"
"0,00098","1,56","1,56"
"0,000989999999999999","1,56","1,52"
"0,001","1,56","1,52"
"0,00101","1,56","1,52"
"0,00102","1,56","1,52"
"0,00102999999999999","1,56","1,56"
"0,00104","1,56","1,56"
"0,00105","1,56","1,56"
"0,00106","1,56","1,52"
"0,00106999999999999","1,56","1,52"
"0,00108","1,56","1,56"
"0,00109","1,56","1,52"
"0,0011","1,56","1,52"
"0,00110999999999999","1,56","1,56"
"0,00112","1,56","1,56"
"0,00113","1,56","1,56"
"0,00114","1,56","1,56"
"0,00115","1,56","1,52"
"0,00115999999999999","1,56","1,56"
"0,00117","1,56","1,52"
"0,00118","1,56","1,56"
"0,00119","1,56","1,56"
"0,00119999999999999","1,56","1,56"
"0,00121","1,56","1,56"
"0,00122","1,56","1,56"
"0,00123","1,56","1,56"
"0,00123999999999999","1,56","1,56"
"0,00125","1,56","1,56"
"0,00126","1,56","1,56"
"0,00127","1,56","1,52"
"0,00127999999999999","1,56","1,52"
"0,00129","1,56","1,52"
"0,0013","1,56","1,52"
"0,00131","1,56","1,56"
"0,00132","1,56","1,56"
"0,00132999999999999","1,56","1,52"
"0,00134","1,56","1,52"
"0,00135","1,56","1,56"
"0,00136","1,56","1,52"
"0,00136999999999999","1,56","1,56"
"0,00138","1,56","1,56"
"0,00139","1,56","1,56"
"0,0014","1,56","1,52"
"0,00140999999999999","1,56","1,52"
"0,00142","1,56","1,52"
"0,00143","1,56","1,56"
"0,00144","1,56","1,52"
"0,00145","1,56","1,52"
"0,00146","1,56","1,52"
"0,00147","1,56","1,52"
"0,00148","1,56","1,56"
"0,00149","1,56","1,56"
"0,00149999999999999","1,56","1,52"
"0,00151","1,56","1,52"
"0,00152","1,56","1,52"
"0,00153","1,56","1,56"
"0,00153999999999999","1,56","1,56"
"0,00155","1,56","1,56"
"0,00156","1,56","1,52"
"0,00157","1,56","1,52"
"0,00157999999999999","1,56","1,56"
"0,00159","1,56","1,56"
"0,0016","1,56","1,52"
"0,00161","1,56","1,56"
"0,00162","1,56","1,52"
"0,00163","1,56","1,56"
"0,00164","1,6","1,52"
"0,00165","1,56","1,52"
"0,00166","1,56","1,56"
"0,00166999999999999","1,56","1,56"
"0,00168","1,56","1,56"
"0,00169","1,56","1,52"
"0,0017","1,56","1,56"
"0,00170999999999999","1,56","1,56"
"0,00172","1,56","1,56"
"0,00173","1,56","1,56"
"0,00174","1,6","1,56"
"0,00174999999999999","1,56","1,52"
"0,00176","1,56","1,56"
"0,00177","1,56","1,52"
"0,00178","1,56","1,52"
"0,00179","1,56","1,52"
"0,0018","1,56","1,56"
"0,00181","1,56","1,52"
"0,00182","1,56","1,52"
"0,00183","1,56","1,52"
"0,00183999999999999","1,56","1,56"
"0,00185","1,56","1,56"
"0,00186","1,56","1,52"
"0,00187","1,56","1,56"
"0,00187999999999999","1,6","1,56"
"0,00189","1,56","1,52"
"0,0019","1,56","1,52"
"0,00191","1,56","1,56"
"0,00191999999999999","1,56","1,52"
"0,00193","1,56","1,52"
"0,00194","1,56","1,56"
"0,00195","1,56","1,52"
"0,00196","1,56","1,52"
"0,00197","1,56","1,52"
"0,00198","1,56","1,52"
"0,00199","1,56","1,52"
"0,002","1,56","1,52"
"0,00200999999999999","1,56","1,52"
"0,00202","1,56","1,52"
"0,00203","1,56","1,52"
"0,00204","1,56","1,52"
"0,00204999999999999","1,56","1,56"
"0,00206","1,56","1,56"
"0,00207","1,56","1,56"
"0,00208","1,56","1,52"
"0,00209","1,56","1,52"
"0,0021","1,56","1,56"
"0,00211","1,56","1,56"
"0,00212","1,56","1,56"
"0,00213","1,56","1,52"
"0,00214","1,56","1,52"
"0,00215","1,56","1,52"
"0,00216","1,56","1,52"
"0,00217","1,56","1,52"
"0,00217999999999999","1,56","1,56"
"0,00219","1,56","1,52"
"0,0022","1,56","1,56"
"0,00221","1,56","1,56"
"0,00221999999999999","1,56","1,52"
"0,00223","1,6","1,56"
"0,00224","1,56","1,52"
"0,00225","1,56","1,52"
"0,00226","1,56","1,56"
"0,00227","1,56","1,52"
"0,00228","1,56","1,52"
"0,00229","1,56","1,56"
"0,0023","1,56","1,56"
"0,00231","1,56","1,52"
"0,00232","1,6","1,56"
"0,00233","1,56","1,56"
"0,00234","1,56","1,52"
"0,00234999999999999","1,56","1,56"
"0,00236","1,56","1,56"
"0,00237","1,56","1,56"
"0,00238","1,56","1,56"
"0,00238999999999999","1,56","1,56"
"0,0024","1,56","1,56"
"0,00241","1,56","1,52"
"0,00242","1,56","1,52"
"0,00243","1,56","1,56"
"0,00244","1,56","1,56"
"0,00245","1,56","1,56"
"0,00246","1,56","1,56"
"0,00247","1,56","1,56"
"0,00248","1,56","1,52"
"0,00249","1,56","1,56"
"0,0025","0,64","1,52"
"0,00251","0,72","1,12"
"0,00251999999999999","0,64","0,48"
"0,00253","0,56","0,04"
"0,00254","0,48","0,04"
"0,00255","0,48","0,28"
"0,00255999999999999","0,48","0,6"
"0,00257","0,56","0,76"
"0,00258","0,56","0,72"
"0,00259","0,6","0,6"
"0,0026","0,56","0,44"
"0,00261","0,56","0,36"
"0,00262","0,52","0,4"
"0,00263","0,52","0,48"
"0,00264","0,56","0,52"
"0,00265","0,56","0,6"
"0,00266","0,56","0,56"
"0,00267","0,56","0,52"
"0,00268","0,56","0,48"
"0,00268999999999999","0,56","0,48"
"0,0027","0,56","0,48"
"0,00271","0,52","0,48"
"0,00272","0,56","0,52"
"0,00273","0,56","0,52"
"0,00274","0,56","0,52"
"0,00275","0,56","0,48"
"0,00276","0,6","0,48"
"0,00277","0,56","0,52"
"0,00278","0,52","0,48"
"0,00279","0,56","0,52"
"0,0028","0,56","0,52"
"0,00281","0,56","0,52"
"0,00282","0,56","0,48"
"0,00283","0,56","0,48"
"0,00284","0,56","0,48"
"0,00285","0,56","0,52"
"0,00286","0,52","0,52"
"0,00287","0,56","0,52"
"0,00288","0,56","0,52"
"0,00289","0,56","0,52"
"0,0029","0,56","0,52"
"0,00291","0,56","0,52"
"0,00292","0,52","0,52"
"0,00293","0,56","0,48"
"0,00294","0,56","0,52"
"0,00295","0,56","0,52"
"0,00296","0,52","0,52"
"0,00297","0,56","0,52"
"0,00298","0,56","0,52"
"0,00299","0,56","0,48"
"0,003","0,56","0,48"
"0,00301","0,56","0,52"
"0,00302","0,56","0,52"
"0,00303","0,56","0,48"
"0,00304","0,56","0,52"
"0,00305","0,56","0,52"
"0,00306","0,56","0,52"
"0,00307","0,56","0,52"
"0,00308","0,52","0,52"
"0,00309","0,56","0,52"
"0,0031","0,56","0,48"
"0,00311","0,56","0,52"
"0,00312","0,56","0,52"
"0,00313","0,56","0,52"
"0,00314","0,56","0,52"
"0,00315","0,56","0,52"
"0,00315999999999999","0,56","0,52"
"0,00316999999999999","0,56","0,52"
"0,00318","0,56","0,52"
"0,00319","0,56","0,52"
"0,0032","0,56","0,48"
"0,00321","0,56","0,48"
"0,00322","0,56","0,52"
"0,00323","0,56","0,52"
"0,00324","0,56","0,52"
"0,00324999999999999","0,56","0,52"
"0,00325999999999999","0,56","0,52"
"0,00327","0,56","0,48"
"0,00328","0,56","0,52"
"0,00329","0,56","0,52"
"0,0033","0,56","0,48"
"0,00331","0,52","0,52"
"0,00332","0,56","0,52"
"0,00332999999999999","0,56","0,52"
"0,00333999999999999","0,56","0,48"
"0,00335","0,52","0,52"
"0,00336","0,56","0,52"
"0,00337","0,56","0,48"
"0,00338","0,56","0,52"
"0,00339","0,52","0,48"
"0,0034","0,56","0,52"
"0,00341","0,52","0,52"
"0,00341999999999999","0,56","0,48"
"0,00342999999999999","0,56","0,48"
"0,00344","0,56","0,52"
"0,00345","0,52","0,52"
"0,00346","0,56","0,52"
"0,00347","0,56","0,52"
"0,00348","0,56","0,52"
"0,00349","0,56","0,52"
"0,00349999999999999","0,56","0,48"
"0,00350999999999999","0,56","0,48"
"0,00352","0,52","0,52"
"0,00353","0,56","0,52"
"0,00354","0,56","0,48"
"0,00355","0,56","0,52"
"0,00356","0,56","0,52"
"0,00357","0,52","0,52"
"0,00358","0,56","0,52"
"0,00358999999999999","0,52","0,52"
"0,00359999999999999","0,56","0,52"
"0,00361","0,56","0,48"
"0,00362","0,56","0,52"
"0,00363","0,52","0,52"
"0,00364","0,56","0,52"
"0,00365","0,56","0,52"
"0,00366","0,56","0,48"
"0,00366999999999999","0,56","0,48"
"0,00367999999999999","0,56","0,48"
"0,00369","0,56","0,52"
"0,0037","0,56","0,52"
"0,00371","0,56","0,52"
"0,00372","0,56","0,52"
"0,00373","0,56","0,52"
"0,00374","0,56","0,48"
"0,00375","0,56","0,52"
"0,00375999999999999","0,56","0,52"
"0,00376999999999999","0,56","0,48"
"0,00378","0,56","0,48"
"0,00379","0,56","0,52"
"0,0038","0,56","0,52"
"0,00381","0,56","0,52"
"0,00382","0,56","0,48"
"0,00383","0,56","0,52"
"0,00383999999999999","0,56","0,52"
"0,00384999999999999","0,56","0,52"
"0,00386","0,56","0,52"
"0,00387","0,56","0,52"
"0,00388","0,56","0,52"
"0,00389","0,56","0,52"
"0,0039","0,56","0,52"
"0,00391","0,56","0,52"
"0,00392","0,56","0,48"
"0,00392999999999999","0,56","0,52"
"0,00393999999999999","0,56","0,52"
"0,00395","0,56","0,52"
"0,00396","0,56","0,52"
"0,00397","0,56","0,48"
"0,00398","0,56","0,52"
"0,00399","0,52","0,52"
"0,004","0,56","0,52"
"0,00401","0,56","0,52"
"0,00401999999999999","0,56","0,52"
"0,00403","0,56","0,48"
"0,00404","0,56","0,48"
"0,00405","0,56","0,52"
"0,00406","0,56","0,52"
"0,00407","0,52","0,48"
"0,00408","0,56","0,52"
"0,00409","0,52","0,48"
"0,00409999999999999","0,56","0,52"
"0,00410999999999999","0,56","0,48"
"0,00412","0,52","0,48"
"0,00413","0,56","0,52"
"0,00414","0,56","0,48"
"0,00415","0,52","0,48"
"0,00416","0,56","0,52"
"0,00417","0,52","0,52"
"0,00418","0,56","0,52"
"0,00418999999999999","0,56","0,52"
"0,0042","0,52","0,52"
"0,00421","0,56","0,52"
"0,00422","0,56","0,52"
"0,00423","0,56","0,52"
"0,00424","0,56","0,48"
"0,00425","0,56","0,52"
"0,00426","0,56","0,52"
"0,00426999999999999","0,56","0,52"
"0,00427999999999999","0,56","0,52"
"0,00429","0,56","0,52"
"0,0043","0,56","0,52"
"0,00431","0,56","0,52"
"0,00432","0,56","0,52"
"0,00433","0,56","0,52"
"0,00434","0,56","0,52"
"0,00435","0,52","0,52"
"0,00435999999999999","0,52","0,52"
"0,00437","0,56","0,52"
"0,00438","0,56","0,48"
"0,00439","0,56","0,52"
"0,0044","0,56","0,48"
"0,00441","0,56","0,52"
"0,00442","0,52","0,52"
"0,00443","0,56","0,52"
"0,00443999999999999","0,56","0,52"
"0,00444999999999999","0,56","0,52"
"0,00446","0,56","0,52"
"0,00447","0,56","0,52"
"0,00448","0,56","0,52"
"0,00449","0,56","0,52"
"0,0045","0,56","0,48"
"0,00451","0,56","0,48"
"0,00452","0,56","0,52"
"0,00452999999999999","0,56","0,52"
"0,00454","0,56","0,48"
"0,00455","0,56","0,52"
"0,00456","0,56","0,52"
"0,00457","0,56","0,52"
"0,00458","0,56","0,52"
"0,00459","0,56","0,48"
"0,0046","0,56","0,52"
"0,00460999999999999","0,52","0,52"
"0,00461999999999999","0,52","0,52"
"0,00463","0,56","0,52"
"0,00464","0,56","0,52"
"0,00465","0,56","0,52"
"0,00466","0,56","0,52"
"0,00467","0,56","0,52"
"0,00468","0,56","0,52"
"0,00469","0,56","0,48"
"0,00469999999999999","0,56","0,52"
"0,00471","0,56","0,48"
"0,00472","0,56","0,48"
"0,00473","0,52","0,52"
"0,00474","0,52","0,52"
"0,00475","0,56","0,48"
"0,00476","0,52","0,52"
"0,00477","0,56","0,52"
"0,00477999999999999","0,56","0,48"
"0,00478999999999999","0,56","0,52"
"0,0048","0,56","0,52"
"0,00481","0,56","0,52"
"0,00482","0,56","0,52"
"0,00483","0,56","0,48"
"0,00484","0,56","0,52"
"0,00485","0,56","0,52"
"0,00486","0,56","0,52"
"0,00486999999999999","0,6","0,48"
"0,00488","0,52","0,52"
"0,00489","0,56","0,52"
"0,0049","0,56","0,52"
"0,00491","0,56","0,52"
"0,00492","0,56","0,52"
"0,00493","0,56","0,52"
"0,00494","0,56","0,52"
"0,00494999999999999","0,56","0,52"
"0,00495999999999999","0,56","0,48"
"0,00497","0,56","0,48"
"0,00498","0,56","0,52"
"0,00499","0,56","0,52"
"0,005","1,52","0,52"
"0,00501","1,44","0,68"
"0,00502","1,44","1,32"
"0,00503","1,52","1,88"
"0,00503999999999999","1,6","2,08"
"0,00505","1,64","1,92"
"0,00506","1,6","1,6"
"0,00507","1,56","1,32"
"0,00508","1,52","1,28"
"0,00509","1,52","1,36"
"0,0051","1,56","1,56"
"0,00511","1,56","1,64"
"0,00511999999999999","1,56","1,68"
"0,00512999999999999","1,56","1,6"
"0,00514","1,6","1,52"
"0,00515","1,56","1,48"
"0,00516","1,56","1,48"
"0,00517","1,56","1,52"
"0,00518","1,56","1,56"
"0,00519","1,56","1,56"
"0,0052","1,6","1,56"
"0,00520999999999999","1,56","1,56"
"0,00522","1,56","1,52"
"0,00523","1,56","1,52"
"0,00524","1,56","1,52"
"0,00525","1,56","1,56"
"0,00526","1,56","1,52"
"0,00527","1,56","1,52"
"0,00528","1,56","1,56"
"0,00528999999999999","1,56","1,52"
"0,00529999999999999","1,56","1,52"
"0,00531","1,56","1,52"
"0,00532","1,56","1,56"
"0,00533","1,56","1,56"
"0,00534","1,56","1,56"
"0,00535","1,56","1,56"
"0,00536","1,56","1,56"
"0,00537","1,56","1,52"
"0,00537999999999999","1,56","1,56"
"0,00539","1,56","1,52"
"0,0054","1,56","1,56"
"0,00541","1,56","1,52"
"0,00542","1,56","1,52"
"0,00543","1,56","1,52"
"0,00544","1,56","1,52"
"0,00545","1,56","1,56"
"0,00546","1,56","1,56"
"0,00546999999999999","1,56","1,52"
"0,00548","1,56","1,56"
"0,00549","1,56","1,56"
"0,0055","1,56","1,52"
"0,00551","1,56","1,52"
"0,00552","1,56","1,56"
"0,00553","1,56","1,52"
"0,00554","1,6","1,56"
"0,00554999999999999","1,56","1,56"
"0,00556","1,56","1,56"
"0,00557","1,56","1,56"
"0,00558","1,56","1,56"
"0,00559","1,56","1,52"
"0,0056","1,56","1,52"
"0,00561","1,56","1,52"
"0,00562","1,56","1,56"
"0,00563","1,56","1,52"
"0,00563999999999999","1,56","1,56"
"0,00565","1,56","1,56"
"0,00566","1,6","1,52"
"0,00567","1,56","1,52"
"0,00568","1,56","1,52"
"0,00569","1,56","1,52"
"0,0057","1,56","1,52"
"0,00571","1,56","1,52"
"0,00571999999999999","1,56","1,56"
"0,00573","1,56","1,56"
"0,00574","1,6","1,56"
"0,00575","1,56","1,56"
"0,00576","1,56","1,56"
"0,00577","1,56","1,56"
"0,00578","1,56","1,56"
"0,00579","1,56","1,56"
"0,0058","1,56","1,56"
"0,00580999999999999","1,56","1,52"
"0,00582","1,56","1,56"
"0,00583","1,56","1,52"
"0,00584","1,6","1,56"
"0,00585","1,56","1,56"
"0,00586","1,6","1,52"
"0,00587","1,56","1,56"
"0,00588","1,56","1,52"
"0,00588999999999999","1,6","1,52"
"0,0059","1,56","1,52"
"0,00591","1,56","1,52"
"0,00592","1,56","1,52"
"0,00593","1,56","1,56"
"0,00594","1,56","1,52"
"0,00595","1,56","1,52"
"0,00596","1,56","1,52"
"0,00597","1,56","1,56"
"0,00597999999999999","1,56","1,56"
"0,00599","1,56","1,56"
"0,006","1,56","1,56"
"0,00601","1,56","1,52"
"0,00602","1,56","1,56"
"0,00603","1,56","1,52"
"0,00604","1,56","1,52"
"0,00605","1,6","1,56"
"0,00605999999999999","1,56","1,56"
"0,00607","1,56","1,52"
"0,00608","1,56","1,52"
"0,00609","1,56","1,56"
"0,0061","1,56","1,52"
"0,00611","1,56","1,56"
"0,00612","1,56","1,52"
"0,00613","1,56","1,52"
"0,00614","1,56","1,52"
"0,00614999999999999","1,56","1,56"
"0,00616","1,56","1,56"
"0,00617","1,56","1,52"
"0,00618","1,56","1,56"
"0,00619","1,56","1,56"
"0,0062","1,56","1,56"
"0,00621","1,6","1,52"
"0,00622","1,56","1,52"
"0,00622999999999999","1,56","1,52"
"0,00624","1,56","1,52"
"0,00625","1,56","1,52"
"0,00626","1,56","1,56"
"0,00627","1,56","1,56"
"0,00628","1,56","1,52"
"0,00629","1,56","1,56"
"0,0063","1,56","1,52"
"0,00631","1,56","1,56"
"0,00631999999999999","1,56","1,52"
"0,00633","1,56","1,52"
"0,00634","1,56","1,56"
"0,00635","1,56","1,56"
"0,00636","1,56","1,56"
"0,00637","1,56","1,56"
"0,00638","1,56","1,52"
"0,00639","1,56","1,56"
"0,00639999999999999","1,56","1,52"
"0,00641","1,56","1,56"
"0,00642","1,56","1,56"
"0,00643","1,56","1,52"
"0,00644","1,52","1,56"
"0,00645","1,56","1,52"
"0,00646","1,56","1,52"
"0,00647","1,56","1,56"
"0,00648","1,56","1,56"
"0,00648999999999999","1,6","1,56"
"0,0065","1,56","1,56"
"0,00651","1,56","1,52"
"0,00652","1,56","1,52"
"0,00653","1,56","1,56"
"0,00654","1,56","1,52"
"0,00655","1,56","1,52"
"0,00656","1,56","1,56"
"0,00656999999999999","1,6","1,56"
"0,00658","1,56","1,56"
"0,00659","1,56","1,52"
"0,0066","1,56","1,56"
"0,00661","1,56","1,56"
"0,00662","1,56","1,56"
"0,00663","1,56","1,52"
"0,00664","1,56","1,56"
"0,00665","1,56","1,52"
"0,00665999999999999","1,56","1,52"
"0,00667","1,56","1,56"
"0,00668","1,56","1,56"
"0,00669","1,56","1,56"
"0,0067","1,56","1,56"
"0,00671","1,56","1,52"
"0,00672","1,56","1,52"
"0,00673","1,56","1,56"
"0,00673999999999999","1,56","1,52"
"0,00675","1,56","1,56"
"0,00676","1,56","1,56"
"0,00677","1,56","1,56"
"0,00678","1,6","1,52"
"0,00679","1,56","1,56"
"0,0068","1,56","1,56"
"0,00681","1,56","1,56"
"0,00682","1,56","1,56"
"0,00682999999999999","1,56","1,52"
"0,00684","1,56","1,56"
"0,00685","1,56","1,52"
"0,00686","1,6","1,52"
"0,00687","1,56","1,56"
"0,00688","1,56","1,52"
"0,00689","1,56","1,52"
"0,0069","1,56","1,56"
"0,00690999999999999","1,6","1,56"
"0,00692","1,56","1,56"
"0,00693","1,56","1,52"
"0,00694","1,56","1,56"
"0,00695","1,56","1,56"
"0,00696","1,56","1,52"
"0,00697","1,56","1,56"
"0,00698","1,56","1,52"
"0,00699","1,56","1,52"
"0,00699999999999999","1,56","1,52"
"0,00701","1,56","1,56"
"0,00702","1,56","1,52"
"0,00703","1,6","1,52"
"0,00704","1,56","1,52"
"0,00705","1,56","1,56"
"0,00706","1,56","1,56"
"0,00707","1,56","1,56"
"0,00707999999999999","1,56","1,52"
"0,00709","1,52","1,52"
"0,0071","1,56","1,56"
"0,00711","1,56","1,52"
"0,00712","1,56","1,52"
"0,00713","1,56","1,52"
"0,00714","1,56","1,56"
"0,00715","1,56","1,52"
"0,00716","1,56","1,52"
"0,00716999999999999","1,56","1,56"
"0,00718","1,56","1,52"
"0,00719","1,56","1,56"
"0,0072","1,56","1,56"
"0,00721","1,56","1,56"
"0,00722","1,56","1,56"
"0,00723","1,56","1,56"
"0,00724","1,56","1,52"
"0,00724999999999999","1,56","1,52"
"0,00726","1,56","1,56"
"0,00727","1,56","1,56"
"0,00728","1,56","1,56"
"0,00729","1,56","1,56"
"0,0073","1,56","1,52"
"0,00731","1,56","1,56"
"0,00732","1,56","1,56"
"0,00733","1,56","1,52"
"0,00733999999999999","1,56","1,52"
"0,00735","1,56","1,52"
"0,00736","1,56","1,56"
"0,00737","1,56","1,56"
"0,00738","1,56","1,52"
"0,00739","1,56","1,52"
"0,0074","1,56","1,52"
"0,00741","1,6","1,52"
"0,00741999999999999","1,56","1,56"
"0,00743","1,56","1,52"
"0,00744","1,56","1,52"
"0,00745","1,56","1,56"
"0,00746","1,56","1,56"
"0,00747","1,56","1,56"
"0,00748","1,56","1,56"
"0,00749","1,56","1,56"
"0,0075","0,64","1,52"
"0,00750999999999999","0,72","1,12"
"0,00752","0,64","0,48"
"0,00753","0,52","0,08"
"0,00754","0,48",0
"0,00755","0,48","0,28"
"0,00756","0,52","0,56"
"0,00757","0,56","0,76"
"0,00758","0,6","0,72"
"0,00758999999999999","0,6","0,6"
"0,0076","0,6","0,44"
"0,00761","0,52","0,36"
"0,00762","0,52","0,4"
"0,00763","0,52","0,48"
"0,00764","0,56","0,52"
"0,00765","0,56","0,56"
"0,00766","0,56","0,56"
"0,00767","0,56","0,52"
"0,00767999999999999","0,56","0,48"
"0,00769","0,56","0,48"
"0,0077","0,56","0,48"
"0,00771","0,56","0,52"
"0,00772","0,56","0,52"
"0,00773","0,56","0,52"
"0,00774","0,56","0,52"
"0,00775","0,56","0,52"
"0,00775999999999999","0,56","0,48"
"0,00777","0,56","0,48"
"0,00778","0,56","0,52"
"0,00779","0,56","0,48"
"0,0078","0,56","0,52"
"0,00781","0,56","0,52"
"0,00782","0,56","0,52"
"0,00783","0,56","0,52"
"0,00784","0,56","0,52"
"0,00785","0,56","0,48"
"0,00786","0,56","0,48"
"0,00787","0,56","0,52"
"0,00788","0,56","0,52"
"0,00789","0,56","0,52"
"0,0079","0,56","0,52"
"0,00791","0,52","0,48"
"0,00792","0,56","0,52"
"0,00793","0,56","0,52"
"0,00794","0,56","0,52"
"0,00795","0,56","0,52"
"0,00796","0,56","0,52"
"0,00797","0,56","0,52"
"0,00798","0,56","0,48"
"0,00799","0,56","0,52"
"0,008","0,56","0,52"
"0,00801","0,52","0,52"
"0,00802","0,56","0,52"
"0,00803","0,52","0,52"
"0,00804","0,56","0,48"
"0,00805","0,56","0,52"
"0,00806","0,52","0,52"
"0,00807","0,56","0,48"
"0,00808","0,56","0,52"
"0,00809","0,56","0,52"
"0,0081","0,52","0,52"
"0,00811","0,56","0,52"
"0,00812","0,56","0,52"
"0,00813","0,52","0,52"
"0,00814","0,52","0,52"
"0,00815","0,56","0,48"
"0,00816","0,56","0,48"
"0,00817","0,56","0,52"
"0,00818","0,56","0,52"
"0,00819","0,56","0,48"
"0,0082","0,56","0,52"
"0,00821","0,56","0,52"
"0,00822","0,56","0,52"
"0,00823","0,56","0,52"
"0,00824","0,56","0,52"
"0,00825","0,56","0,52"
"0,00826","0,56","0,52"
"0,00827","0,56","0,52"
"0,00828","0,56","0,48"
"0,00829","0,56","0,52"
"0,0083","0,56","0,52"
"0,00831","0,56","0,48"
"0,00832","0,56","0,48"
"0,00833","0,56","0,52"
"0,00834","0,56","0,52"
"0,00835","0,56","0,52"
"0,00836","0,56","0,48"
"0,00837","0,56","0,48"
"0,00838","0,56","0,52"
"0,00839","0,56","0,52"
"0,0084","0,52","0,52"
"0,00841","0,52","0,52"
"0,00842","0,56","0,52"
"0,00843","0,56","0,52"
"0,00844","0,56","0,48"
"0,00845","0,52","0,52"
"0,00846","0,56","0,48"
"0,00847","0,56","0,52"
"0,00848","0,56","0,52"
"0,00849","0,56","0,52"
"0,0085","0,56","0,52"
"0,00851","0,56","0,52"
"0,00852","0,56","0,48"
"0,00853","0,52","0,52"
"0,00854","0,56","0,52"
"0,00855","0,56","0,52"
"0,00856","0,56","0,52"
"0,00857","0,56","0,52"
"0,00858","0,56","0,52"
"0,00859","0,56","0,52"
"0,0086","0,56","0,52"
"0,00861","0,56","0,52"
"0,00862","0,56","0,52"
"0,00863","0,56","0,52"
"0,00864","0,56","0,48"
"0,00865","0,52","0,52"
"0,00866","0,52","0,52"
"0,00867","0,56","0,52"
"0,00868","0,52","0,52"
"0,00869","0,6","0,52"
"0,0087","0,56","0,52"
"0,00871","0,56","0,52"
"0,00872","0,56","0,52"
"0,00873","0,56","0,52"
"0,00874","0,56","0,52"
"0,00875","0,56","0,52"
"0,00876","0,56","0,52"
"0,00877","0,56","0,48"
"0,00878","0,56","0,48"
"0,00879","0,52","0,52"
"0,0088","0,56","0,48"
"0,00881","0,56","0,52"
"0,00882","0,56","0,48"
"0,00883","0,56","0,52"
"0,00884","0,52","0,52"
"0,00885","0,56","0,52"
"0,00886","0,56","0,52"
"0,00887","0,56","0,52"
"0,00888","0,56","0,48"
"0,00889","0,56","0,52"
"0,0089","0,56","0,52"
"0,00891","0,52","0,48"
"0,00892","0,56","0,52"
"0,00893","0,56","0,52"
"0,00894","0,6","0,52"
"0,00895","0,56","0,52"
"0,00896","0,56","0,52"
"0,00897","0,56","0,48"
"0,00898","0,56","0,48"
"0,00899","0,56","0,52"
"0,009","0,56","0,52"
"0,00901","0,56","0,52"
"0,00902","0,56","0,52"
"0,00903","0,56","0,48"
"0,00904","0,56","0,52"
"0,00905","0,56","0,48"
"0,00906","0,52","0,52"
"0,00907","0,56","0,52"
"0,00908","0,56","0,52"
"0,00909","0,56","0,48"
"0,0091","0,56","0,52"
"0,00911","0,56","0,48"
"0,00912","0,56","0,52"
"0,00913","0,52","0,52"
"0,00914","0,56","0,52"
"0,00915","0,56","0,52"
"0,00916","0,56","0,52"
"0,00917","0,56","0,52"
"0,00918","0,56","0,48"
"0,00919","0,56","0,52"
"0,0092","0,56","0,52"
"0,00921","0,56","0,52"
"0,00922","0,52","0,52"
"0,00923","0,52","0,48"
"0,00924","0,56","0,52"
"0,00925","0,56","0,52"
"0,00926","0,52","0,48"
"0,00927","0,56","0,52"
"0,00928","0,56","0,52"
"0,00929","0,52","0,48"
"0,0093","0,56","0,48"
"0,00931","0,52","0,52"
"0,00932","0,52","0,52"
"0,00933","0,56","0,52"
"0,00934","0,56","0,52"
"0,00935","0,56","0,48"
"0,00936","0,56","0,52"
"0,00937","0,56","0,48"
"0,00938","0,56","0,52"
"0,00939","0,52","0,52"
"0,0094","0,52","0,52"
"0,00941","0,52","0,52"
"0,00942","0,56","0,52"
"0,00943","0,56","0,52"
"0,00944","0,52","0,52"
"0,00945","0,56","0,52"
"0,00946","0,56","0,48"
"0,00947","0,56","0,52"
"0,00948","0,56","0,48"
"0,00949","0,52","0,52"
"0,0095","0,56","0,52"
"0,00951","0,56","0,52"
"0,00952","0,56","0,52"
"0,00953","0,52","0,48"
"0,00954","0,6","0,52"
"0,00955","0,56","0,52"
"0,00956","0,56","0,48"
"0,00957","0,52","0,48"
"0,00958","0,56","0,52"
"0,00959","0,56","0,52"
"0,0096","0,56","0,52"
"0,00961","0,56","0,48"
"0,00962","0,52","0,52"
"0,00963","0,56","0,48"
"0,00964","0,56","0,48"
"0,00965","0,56","0,52"
"0,00966","0,52","0,52"
"0,00967","0,52","0,52"
"0,00968","0,56","0,52"
"0,00969","0,56","0,48"
"0,0097","0,56","0,52"
"0,00971","0,56","0,52"
"0,00972","0,56","0,52"
"0,00973","0,56","0,48"
"0,00974","0,52","0,52"
"0,00975","0,56","0,48"
"0,00976","0,56","0,52"
"0,00977","0,56","0,52"
"0,00978","0,56","0,52"
"0,00979","0,56","0,52"
"0,0098","0,52","0,52"
"0,00981","0,56","0,48"
"0,00982","0,56","0,52"
"0,00983","0,52","0,52"
"0,00984","0,52","0,48"
"0,00985","0,56","0,52"
"0,00986","0,56","0,52"
"0,00987","0,56","0,52"
"0,00988","0,56","0,52"
"0,00989","0,56","0,52"
"0,0099","0,52","0,48"
"0,00991","0,56","0,48"
"0,00992","0,52","0,48"
"0,00993","0,56","0,52"
"0,00994","0,52","0,52"
"0,00995","0,52","0,52"
"0,00996","0,56","0,52"
"0,00997","0,56","0,52"
"0,00998","0,56","0,52"
"0,00999","0,56","0,48"
"0,01","1,52","0,48"
"0,01001","1,44","0,72"
"0,01002","1,44","1,32"
"0,01003","1,52","1,84"
"0,01004","1,6","2,04"
"0,01005","1,64","1,92"
"0,01006","1,64","1,56"
"0,01007","1,56","1,36"
"0,01008","1,52","1,28"
"0,01009","1,52","1,4"
"0,0101","1,56","1,56"
"0,01011","1,56","1,64"
"0,01012","1,6","1,64"
"0,01013","1,6","1,6"
"0,01014","1,56","1,52"
"0,01015","1,56","1,48"
"0,01016","1,56","1,48"
"0,01017","1,56","1,52"
"0,01018","1,56","1,56"
"0,01019","1,56","1,56"
"0,0102","1,56","1,6"
"0,01021","1,56","1,52"
"0,01022","1,56","1,52"
"0,01023","1,56","1,56"
"0,01024","1,56","1,56"
"0,01025","1,56","1,52"
"0,01026","1,56","1,56"
"0,01027","1,56","1,56"
"0,01028","1,56","1,52"
"0,01029","1,6","1,56"
"0,0103","1,56","1,56"
"0,01031","1,56","1,56"
"0,01032","1,56","1,56"
"0,01033","1,56","1,56"
"0,01034","1,56","1,56"
"0,01035","1,56","1,52"
"0,01036","1,56","1,56"
"0,01037","1,56","1,56"
"0,01038","1,56","1,56"
"0,01039","1,56","1,56"
"0,0104","1,56","1,56"
"0,01041","1,6","1,56"
"0,01042","1,56","1,52"
"0,01043","1,56","1,56"
"0,01044","1,56","1,56"
"0,01045","1,56","1,56"
"0,01046","1,56","1,56"
"0,01047","1,56","1,52"
"0,01048","1,56","1,56"
"0,01049","1,56","1,52"
"0,0105","1,56","1,52"
"0,01051","1,56","1,56"
"0,01052","1,56","1,52"
"0,01053","1,56","1,56"
"0,01054","1,56","1,52"
"0,01055","1,56","1,52"
"0,01056","1,56","1,52"
"0,01057","1,56","1,56"
"0,01058","1,56","1,56"
"0,01059","1,56","1,52"
"0,0106","1,56","1,56"
"0,01061","1,6","1,52"
"0,01062","1,56","1,52"
"0,01063","1,56","1,52"
"0,01064","1,56","1,52"
"0,01065","1,56","1,52"
"0,01066","1,56","1,52"
"0,01067","1,56","1,52"
"0,01068","1,56","1,52"
"0,01069","1,56","1,56"
"0,0107","1,56","1,52"
"0,01071","1,56","1,52"
"0,01072","1,6","1,56"
"0,01073","1,56","1,52"
"0,01074","1,56","1,52"
"0,01075","1,56","1,52"
"0,01076","1,56","1,52"
"0,01077","1,56","1,52"
"0,01078","1,56","1,56"
"0,01079","1,56","1,56"
"0,0108","1,56","1,56"
"0,01081","1,56","1,56"
"0,01082","1,56","1,56"
"0,01083","1,56","1,56"
"0,01084","1,56","1,56"
"0,01085","1,56","1,52"
"0,01086","1,56","1,52"
"0,01087","1,56","1,56"
"0,01088","1,56","1,56"
"0,01089","1,6","1,52"
"0,0109","1,56","1,52"
"0,01091","1,56","1,56"
"0,01092","1,56","1,52"
"0,01093","1,56","1,56"
"0,01094","1,56","1,56"
"0,01095","1,56","1,52"
"0,01096","1,56","1,52"
"0,01097","1,56","1,52"
"0,01098","1,56","1,56"
"0,01099","1,6","1,56"
"0,011","1,56","1,52"
"0,01101","1,56","1,56"
"0,01102","1,56","1,52"
"0,01103","1,56","1,52"
"0,01104","1,56","1,56"
"0,01105","1,56","1,52"
"0,01106","1,56","1,56"
"0,01107","1,56","1,52"
"0,01108","1,56","1,52"
"0,01109","1,56","1,52"
"0,0111","1,56","1,52"
"0,01111","1,56","1,56"
"0,01112","1,56","1,56"
"0,01113","1,56","1,56"
"0,01114","1,56","1,52"
"0,01115","1,56","1,56"
"0,01116","1,56","1,56"
"0,01117","1,56","1,52"
"0,01118","1,56","1,56"
"0,01119","1,56","1,52"
"0,0112","1,56","1,56"
"0,01121","1,56","1,56"
"0,01122","1,56","1,56"
"0,01123","1,56","1,56"
"0,01124","1,56","1,56"
"0,01125","1,56","1,52"
"0,01126","1,56","1,52"
"0,01127","1,56","1,52"
"0,01128","1,56","1,56"
"0,01129","1,56","1,52"
"0,0113","1,56","1,56"
"0,01131","1,56","1,56"
"0,01132","1,6","1,56"
"0,01133","1,56","1,52"
"0,01134","1,56","1,56"
"0,01135","1,56","1,52"
"0,01136","1,56","1,56"
"0,01137","1,56","1,56"
"0,01138","1,56","1,56"
"0,01139","1,52","1,52"
"0,0114","1,56","1,56"
"0,01141","1,56","1,56"
"0,01142","1,56","1,52"
"0,01143","1,56","1,52"
"0,01144","1,56","1,56"
"0,01145","1,56","1,56"
"0,01146","1,56","1,56"
"0,01147","1,56","1,56"
"0,01148","1,56","1,52"
"0,01149","1,56","1,52"
"0,0115","1,56","1,52"
"0,01151","1,56","1,56"
"0,01152","1,56","1,52"
"0,01153","1,56","1,56"
"0,01154","1,56","1,52"
"0,01155","1,56","1,56"
"0,01156","1,56","1,56"
"0,01157","1,56","1,52"
"0,01158","1,56","1,56"
"0,01159","1,56","1,52"
"0,0116","1,56","1,56"
"0,01161","1,56","1,52"
"0,01162","1,56","1,52"
"0,01163","1,56","1,52"
"0,01164","1,56","1,52"
"0,01165","1,56","1,56"
"0,01166","1,6","1,52"
"0,01167","1,56","1,56"
"0,01168","1,56","1,52"
"0,01169","1,56","1,52"
"0,0117","1,6","1,52"
"0,01171","1,56","1,56"
"0,01172","1,56","1,56"
"0,01173","1,56","1,52"
"0,01174","1,6","1,52"
"0,01175","1,56","1,52"
"0,01176","1,56","1,52"
"0,01177","1,56","1,56"
"0,01178","1,56","1,56"
"0,01179","1,6","1,52"
"0,0118","1,56","1,56"
"0,01181","1,56","1,52"
"0,01182","1,56","1,56"
"0,01183","1,56","1,56"
"0,01184","1,56","1,56"
"0,01185","1,56","1,56"
"0,01186","1,56","1,52"
"0,01187","1,56","1,52"
"0,01188","1,56","1,52"
"0,01189","1,56","1,52"
"0,0119","1,56","1,52"
"0,01191","1,56","1,52"
"0,01192","1,56","1,52"
"0,01193","1,56","1,52"
"0,01194","1,56","1,56"
"0,01195","1,56","1,52"
"0,01196","1,56","1,52"
"0,01197","1,56","1,52"
"0,01198","1,56","1,56"
"0,01199","1,56","1,56"
"0,012","1,56","1,52"
"0,01201","1,56","1,56"
"0,01202","1,56","1,52"
"0,01203","1,56","1,56"
"0,01204","1,56","1,56"
"0,01205","1,56","1,52"
"0,01206","1,56","1,52"
"0,01207","1,56","1,56"
"0,01208","1,56","1,56"
"0,01209","1,56","1,56"
"0,0121","1,56","1,52"
"0,01211","1,56","1,56"
"0,01212","1,56","1,56"
"0,01213","1,56","1,56"
"0,01214","1,56","1,56"
"0,01215","1,56","1,56"
"0,01216","1,56","1,56"
"0,01217","1,56","1,56"
"0,01218","1,56","1,56"
"0,01219","1,56","1,56"
"0,0122","1,56","1,52"
"0,01221","1,56","1,56"
"0,01222","1,56","1,56"
"0,01223","1,56","1,56"
"0,01224","1,56","1,52"
"0,01225","1,56","1,56"
"0,01226","1,56","1,52"
"0,01227","1,56","1,56"
"0,01228","1,56","1,52"
"0,01229","1,56","1,52"
"0,0123","1,56","1,52"
"0,01231","1,56","1,52"
"0,01232","1,56","1,52"
"0,01233","1,56","1,52"
"0,01234","1,56","1,52"
"0,01235","1,56","1,52"
"0,01236","1,56","1,56"
"0,01237","1,56","1,56"
"0,01238","1,56","1,52"
"0,01239","1,6","1,52"
"0,0124","1,56","1,52"
"0,01241","1,56","1,56"
"0,01242","1,56","1,56"
"0,01243","1,56","1,56"
"0,01244","1,56","1,52"
"0,01245","1,56","1,52"
"0,01246","1,56","1,52"
"0,01247","1,56","1,56"
"0,01248","1,56","1,52"
"0,01249","1,56","1,52"
